{
    "variable": [
        {
            "id": "baseUrl",
            "key": "baseUrl",
            "type": "string",
            "name": "string",
            "value": "http:\/\/localhost"
        }
    ],
    "info": {
        "name": "Laravel",
        "_postman_id": "97568a2e-6541-4917-832a-e9d49090edf9",
        "description": "",
        "schema": "https:\/\/schema.getpostman.com\/json\/collection\/v2.1.0\/collection.json"
    },
    "item": [
        {
            "name": "Endpoints",
            "description": "",
            "item": [
                {
                    "name": "api\/user",
                    "request": {
                        "url": {
                            "host": "{{baseUrl}}",
                            "path": "api\/user",
                            "query": [],
                            "raw": "{{baseUrl}}\/api\/user"
                        },
                        "method": "GET",
                        "header": [
                            {
                                "key": "Content-Type",
                                "value": "application\/json"
                            },
                            {
                                "key": "Accept",
                                "value": "application\/json"
                            }
                        ],
                        "body": null,
                        "description": "",
                        "auth": {
                            "type": "noauth"
                        }
                    },
                    "response": [
                        {
                            "header": [
                                {
                                    "key": "cache-control",
                                    "value": "no-cache, private"
                                },
                                {
                                    "key": "content-type",
                                    "value": "application\/json"
                                },
                                {
                                    "key": "access-control-allow-origin",
                                    "value": "*"
                                }
                            ],
                            "code": 401,
                            "body": "{\"message\":\"Unauthenticated.\"}",
                            "name": ""
                        }
                    ]
                }
            ]
        },
        {
            "name": "User Management",
            "description": "\nAPIs to manage user resource",
            "item": [
                {
                    "name": "Display a listing of the resource.",
                    "request": {
                        "url": {
                            "host": "{{baseUrl}}",
                            "path": "api\/accounts",
                            "query": [],
                            "raw": "{{baseUrl}}\/api\/accounts"
                        },
                        "method": "GET",
                        "header": [
                            {
                                "key": "Content-Type",
                                "value": "application\/json"
                            },
                            {
                                "key": "Accept",
                                "value": "application\/json"
                            }
                        ],
                        "body": null,
                        "description": "",
                        "auth": {
                            "type": "noauth"
                        }
                    },
                    "response": [
                        {
                            "header": [
                                {
                                    "key": "cache-control",
                                    "value": "no-cache, private"
                                },
                                {
                                    "key": "content-type",
                                    "value": "application\/json"
                                },
                                {
                                    "key": "x-ratelimit-limit",
                                    "value": "60"
                                },
                                {
                                    "key": "x-ratelimit-remaining",
                                    "value": "59"
                                },
                                {
                                    "key": "access-control-allow-origin",
                                    "value": "*"
                                }
                            ],
                            "code": 200,
                            "body": "{\"data\":[{\"user_name\":\"admin\",\"password\":\"123\",\"is_admin\":1},{\"user_name\":\"impedit\",\"password\":\"$2y$10$92IXUNpkjO0rOQ5byMi.Ye4oKoEa3Ro9llC\\\/.og\\\/at2.uheWG\\\/igi\",\"is_admin\":0},{\"user_name\":\"facere\",\"password\":\"$2y$10$92IXUNpkjO0rOQ5byMi.Ye4oKoEa3Ro9llC\\\/.og\\\/at2.uheWG\\\/igi\",\"is_admin\":0},{\"user_name\":\"sit\",\"password\":\"$2y$10$92IXUNpkjO0rOQ5byMi.Ye4oKoEa3Ro9llC\\\/.og\\\/at2.uheWG\\\/igi\",\"is_admin\":0},{\"user_name\":\"corrupti\",\"password\":\"$2y$10$92IXUNpkjO0rOQ5byMi.Ye4oKoEa3Ro9llC\\\/.og\\\/at2.uheWG\\\/igi\",\"is_admin\":0},{\"user_name\":\"user1\",\"password\":\"132456\",\"is_admin\":0},{\"user_name\":\"user12\",\"password\":\"132456\",\"is_admin\":1}]}",
                            "name": ""
                        }
                    ]
                },
                {
                    "name": "Display the specified resource.",
                    "request": {
                        "url": {
                            "host": "{{baseUrl}}",
                            "path": "api\/accounts\/:account",
                            "query": [],
                            "raw": "{{baseUrl}}\/api\/accounts\/:account",
                            "variable": [
                                {
                                    "id": "account",
                                    "key": "account",
                                    "value": "1",
                                    "description": ""
                                }
                            ]
                        },
                        "method": "GET",
                        "header": [
                            {
                                "key": "Content-Type",
                                "value": "application\/json"
                            },
                            {
                                "key": "Accept",
                                "value": "application\/json"
                            }
                        ],
                        "body": null,
                        "description": "",
                        "auth": {
                            "type": "noauth"
                        }
                    },
                    "response": [
                        {
                            "header": [
                                {
                                    "key": "cache-control",
                                    "value": "no-cache, private"
                                },
                                {
                                    "key": "content-type",
                                    "value": "application\/json"
                                },
                                {
                                    "key": "x-ratelimit-limit",
                                    "value": "60"
                                },
                                {
                                    "key": "x-ratelimit-remaining",
                                    "value": "58"
                                },
                                {
                                    "key": "access-control-allow-origin",
                                    "value": "*"
                                }
                            ],
                            "code": 200,
                            "body": "{\"data\":{\"user_name\":\"admin\",\"password\":\"123\",\"is_admin\":1}}",
                            "name": ""
                        }
                    ]
                },
                {
                    "name": "Store a newly created resource in storage.",
                    "request": {
                        "url": {
                            "host": "{{baseUrl}}",
                            "path": "api\/accounts",
                            "query": [],
                            "raw": "{{baseUrl}}\/api\/accounts"
                        },
                        "method": "POST",
                        "header": [
                            {
                                "key": "Content-Type",
                                "value": "application\/json"
                            },
                            {
                                "key": "Accept",
                                "value": "application\/json"
                            }
                        ],
                        "body": {
                            "mode": "raw",
                            "raw": "{\"user_name\":\"ut\",\"password\":19185.143296125,\"is_admin\":true}"
                        },
                        "description": "",
                        "auth": {
                            "type": "noauth"
                        }
                    },
                    "response": []
                },
                {
                    "name": "Update the specified resource in storage.",
                    "request": {
                        "url": {
                            "host": "{{baseUrl}}",
                            "path": "api\/accounts\/:account",
                            "query": [],
                            "raw": "{{baseUrl}}\/api\/accounts\/:account",
                            "variable": [
                                {
                                    "id": "account",
                                    "key": "account",
                                    "value": "1",
                                    "description": ""
                                }
                            ]
                        },
                        "method": "PATCH",
                        "header": [
                            {
                                "key": "Content-Type",
                                "value": "application\/json"
                            },
                            {
                                "key": "Accept",
                                "value": "application\/json"
                            }
                        ],
                        "body": null,
                        "description": "",
                        "auth": {
                            "type": "noauth"
                        }
                    },
                    "response": []
                },
                {
                    "name": "Remove the specified resource from storage.",
                    "request": {
                        "url": {
                            "host": "{{baseUrl}}",
                            "path": "api\/accounts\/:account",
                            "query": [],
                            "raw": "{{baseUrl}}\/api\/accounts\/:account",
                            "variable": [
                                {
                                    "id": "account",
                                    "key": "account",
                                    "value": "1",
                                    "description": ""
                                }
                            ]
                        },
                        "method": "DELETE",
                        "header": [
                            {
                                "key": "Content-Type",
                                "value": "application\/json"
                            },
                            {
                                "key": "Accept",
                                "value": "application\/json"
                            }
                        ],
                        "body": null,
                        "description": "",
                        "auth": {
                            "type": "noauth"
                        }
                    },
                    "response": []
                }
            ]
        }
    ],
    "auth": {
        "type": "noauth"
    }
}